,team1,playoff,team2,elo1_pre,elo2_pre,elo_prob1,elo_prob2,score1,score2,quality,game_predict
0,MIL,0,DETDETCLECHICLEINDINDCHI,12774.97977110046,11762.25234941334,6.175676489994909,1.8243235100050912,929,867,427,8
1,CLE,0,INDMILCHIMILDETCHIDETIND,12707.93322316496,11637.63036748031,6.2269487297509825,1.7730512702490175,930,823,409,8
2,CHI,0,CLEINDMILDETCLEMILINDDET,11821.17165220724,11675.16890703472,5.158587390595625,2.841412609404375,898,889,308,4
3,IND,0,DETCLECHIMILCLECHIMILDET,11403.05574701272,11969.36264722896,4.295796112065317,3.704203887934683,977,998,287,2
4,DET,0,CLECLECHIMILCHIINDINDMIL,10669.76920182693,12134.70199890066,2.9733900075842863,5.026609992415714,884,951,105,0
